{"cameraMode":{"drawMode":0,"name":"Shaded","section":"Shading Mode"},"sceneLighting":true,"audioPlay":false,"sceneViewState":{"showFog":true,"showMaterialUpdate":false,"showSkybox":true,"showFlares":true,"showImageEffects":true,"showParticleSystems":true,"showVisualEffectGraphs":true,"m_FxEnabled":true},"in2DMode":false,"pivot":{"x":3.2772011756896974,"y":6.050445556640625,"z":13.306078910827637},"rotation":{"x":-0.12842907011508943,"y":-0.8705090880393982,"z":0.30836036801338198,"w":-0.36208465695381167},"size":0.8368784785270691,"orthographic":false}