{"cameraMode":{"drawMode":0,"name":"Shaded","section":"Shading Mode"},"sceneLighting":true,"audioPlay":false,"sceneViewState":{"showFog":true,"showMaterialUpdate":false,"showSkybox":true,"showFlares":true,"showImageEffects":true,"showParticleSystems":true,"showVisualEffectGraphs":true,"m_FxEnabled":true},"in2DMode":false,"pivot":{"x":1.6736605167388917,"y":7.1008195877075199,"z":12.060909271240235},"rotation":{"x":0.040477458387613299,"y":-0.9331408739089966,"z":0.34010767936706545,"w":0.11139458417892456},"size":9.805378913879395,"orthographic":false}