{"cameraMode":{"drawMode":0,"name":"Shaded","section":"Shading Mode"},"sceneLighting":true,"audioPlay":false,"sceneViewState":{"showFog":true,"showMaterialUpdate":false,"showSkybox":true,"showFlares":true,"showImageEffects":true,"showParticleSystems":true,"showVisualEffectGraphs":true,"m_FxEnabled":true},"in2DMode":false,"pivot":{"x":-23.26634407043457,"y":18.779163360595704,"z":-2.7026443481445314},"rotation":{"x":0.19760268926620484,"y":-0.07491011172533035,"z":0.015147247351706028,"w":0.9773110151290894},"size":49.39268493652344,"orthographic":false}