{"cameraMode":{"drawMode":0,"name":"Shaded","section":"Shading Mode"},"sceneLighting":false,"audioPlay":false,"sceneViewState":{"showFog":true,"showMaterialUpdate":false,"showSkybox":false,"showFlares":true,"showImageEffects":true,"showParticleSystems":true,"showVisualEffectGraphs":true,"m_FxEnabled":true},"in2DMode":false,"pivot":{"x":-8.699999809265137,"y":22.899999618530275,"z":0.20000001788139344},"rotation":{"x":-0.07960647344589234,"y":0.05439664423465729,"z":-0.004350645001977682,"w":-0.9953339695930481},"size":1.732050895690918,"orthographic":false}