{"cameraMode":{"drawMode":0,"name":"Shaded","section":"Shading Mode"},"sceneLighting":true,"audioPlay":false,"sceneViewState":{"showFog":true,"showMaterialUpdate":false,"showSkybox":true,"showFlares":true,"showImageEffects":true,"showParticleSystems":true,"showVisualEffectGraphs":true,"m_FxEnabled":true},"in2DMode":false,"pivot":{"x":-0.6219080686569214,"y":0.03349768742918968,"z":1.3259587287902833},"rotation":{"x":0.07044076174497605,"y":0.007481061387807131,"z":-0.000530498509760946,"w":0.9974991679191589},"size":11.870769500732422,"orthographic":false}