{"cameraMode":{"drawMode":0,"name":"Shaded","section":"Shading Mode"},"sceneLighting":true,"audioPlay":false,"sceneViewState":{"showFog":true,"showMaterialUpdate":false,"showSkybox":true,"showFlares":true,"showImageEffects":true,"showParticleSystems":true,"showVisualEffectGraphs":true,"m_FxEnabled":true},"in2DMode":false,"pivot":{"x":5.998658657073975,"y":2.4109294414520265,"z":7.726576328277588},"rotation":{"x":0.02098325453698635,"y":0.36059603095054629,"z":-0.008117579855024815,"w":0.9324643015861511},"size":11.870769500732422,"orthographic":false}