{"cameraMode":{"drawMode":0,"name":"Shaded","section":"Shading Mode"},"sceneLighting":false,"audioPlay":false,"sceneViewState":{"showFog":true,"showMaterialUpdate":false,"showSkybox":false,"showFlares":true,"showImageEffects":true,"showParticleSystems":true,"showVisualEffectGraphs":true,"m_FxEnabled":true},"in2DMode":false,"pivot":{"x":4.037827491760254,"y":11.181777000427246,"z":0.054011620581150058},"rotation":{"x":0.000001232009481100249,"y":0.7060484886169434,"z":0.0000011766069292207249,"w":0.7081701755523682},"size":1.9977153539657593,"orthographic":true}