{"cameraMode":{"drawMode":0,"name":"Shaded","section":"Shading Mode"},"sceneLighting":false,"audioPlay":false,"sceneViewState":{"showFog":true,"showMaterialUpdate":false,"showSkybox":false,"showFlares":true,"showImageEffects":true,"showParticleSystems":true,"showVisualEffectGraphs":true,"m_FxEnabled":true},"in2DMode":false,"pivot":{"x":-0.08226671069860459,"y":0.8364951610565186,"z":0.8189038038253784},"rotation":{"x":0.08039084821939469,"y":-0.9057412147521973,"z":0.199310764670372,"w":0.36535319685935976},"size":1.7625360488891602,"orthographic":false}