{"cameraMode":{"drawMode":0,"name":"Shaded","section":"Shading Mode"},"sceneLighting":true,"audioPlay":false,"sceneViewState":{"showFog":true,"showMaterialUpdate":false,"showSkybox":true,"showFlares":true,"showImageEffects":true,"showParticleSystems":true,"showVisualEffectGraphs":true,"m_FxEnabled":true},"in2DMode":false,"pivot":{"x":-0.9204570055007935,"y":5.284918785095215,"z":11.889309883117676},"rotation":{"x":0.13752315938472749,"y":0.023769475519657136,"z":-0.0033015531953424217,"w":0.9902123808860779},"size":19.97922134399414,"orthographic":false}